,school,sex,age,address,famsize,Pstatus,Medu,Fedu,Mjob,Fjob,reason,guardian,traveltime,studytime,failures,schoolsup,famsup,paid,activities,nursery,higher,internet,romantic,famrel,freetime,goout,Dalc,Walc,health,absences,G1,G2,G3,total_grades,total_grade_avg
0,0,1,18,1,1,0,4,4,0,4,0,0,2,2,0,1,0,0,0,1,1,0,0,4,3,4,1,1,3,6,5,6,6,17,5.666666666666667
1,0,1,17,1,1,1,1,1,0,2,0,1,1,2,0,0,1,0,0,0,1,1,0,5,3,3,1,1,3,4,5,5,6,16,5.333333333333333
2,0,1,15,1,0,1,1,1,0,2,1,0,1,2,3,1,0,1,0,1,1,1,0,4,3,2,2,3,3,10,7,8,10,25,8.333333333333334
3,0,1,15,1,1,1,4,2,1,3,2,0,1,3,0,0,1,1,1,1,1,1,1,3,2,2,1,1,5,2,15,14,15,44,14.666666666666666
4,0,1,16,1,1,1,3,3,2,2,2,1,1,2,0,0,1,1,0,1,1,0,0,4,3,2,1,2,5,4,6,10,10,26,8.666666666666666
5,0,0,16,1,0,1,4,3,3,2,3,0,1,2,0,0,1,1,1,1,1,1,0,5,4,2,1,2,5,10,15,15,15,45,15.0
6,0,0,16,1,0,1,2,2,2,2,2,0,1,2,0,0,0,0,0,1,1,1,0,4,4,4,1,1,3,0,12,12,11,35,11.666666666666666
7,0,1,17,1,1,0,4,4,2,4,2,0,2,2,0,1,1,0,0,1,1,0,0,4,1,4,1,1,1,6,6,5,6,17,5.666666666666667
8,0,0,15,1,0,0,3,2,3,2,2,0,1,2,0,0,1,1,0,1,1,1,0,4,2,2,1,1,1,0,16,18,19,53,17.666666666666668
9,0,0,15,1,1,1,3,4,2,2,2,0,1,2,0,0,1,1,1,1,1,1,0,5,5,1,1,1,5,0,14,15,15,44,14.666666666666666
10,0,1,15,1,1,1,4,4,4,1,3,0,1,2,0,0,1,1,0,1,1,1,0,3,3,3,1,2,2,0,10,8,9,27,9.0
11,0,1,15,1,1,1,2,1,3,2,3,1,3,3,0,0,1,0,1,1,1,1,0,5,2,2,1,1,4,4,10,12,12,34,11.333333333333334
12,0,0,15,1,0,1,4,4,1,3,0,1,1,1,0,0,1,1,1,1,1,1,0,4,3,3,1,3,5,2,14,14,14,42,14.0
13,0,0,15,1,1,1,4,3,4,2,0,0,2,2,0,0,1,1,0,1,1,1,0,5,4,3,1,2,3,2,10,10,11,31,10.333333333333334
14,0,0,15,1,1,0,2,2,2,2,2,2,1,3,0,0,1,0,0,1,1,1,1,4,5,2,1,1,3,0,14,16,16,46,15.333333333333334
15,0,1,16,1,1,1,4,4,1,2,2,0,1,1,0,0,1,0,0,1,1,1,0,4,4,4,1,2,2,4,14,14,14,42,14.0
16,0,1,16,1,1,1,4,4,3,3,3,0,1,3,0,0,1,1,1,1,1,1,0,3,2,3,1,2,2,6,13,14,14,41,13.666666666666666
17,0,1,16,1,1,1,3,3,2,2,3,0,3,2,0,1,1,0,1,1,1,0,0,5,3,2,1,1,4,4,8,10,10,28,9.333333333333334
18,0,0,17,1,1,1,3,2,3,3,0,0,1,1,3,0,1,0,1,1,1,1,0,5,5,5,2,4,5,16,6,5,5,16,5.333333333333333
19,0,0,16,1,0,1,4,3,1,2,2,1,1,1,0,0,0,1,1,1,1,1,0,3,1,3,1,3,5,4,8,10,10,28,9.333333333333334
20,0,0,15,1,1,1,4,3,4,2,3,0,1,2,0,0,0,0,0,1,1,1,0,4,4,1,1,1,1,0,13,14,15,42,14.0
21,0,0,15,1,1,1,4,4,1,1,1,1,1,1,0,0,1,1,0,1,1,1,0,5,4,2,1,1,5,0,12,15,15,42,14.0
22,0,0,16,1,0,1,4,2,4,2,0,0,1,2,0,0,0,0,1,1,1,1,0,4,5,1,1,3,5,2,15,15,16,46,15.333333333333334
23,0,0,16,1,0,1,2,2,2,2,3,0,2,2,0,0,1,0,1,1,1,1,0,5,4,4,2,4,5,0,13,13,12,38,12.666666666666666
24,0,1,15,0,1,1,2,4,3,1,0,0,1,3,0,1,1,1,1,1,1,1,0,4,3,2,1,1,5,2,10,9,8,27,9.0
25,0,1,16,1,1,1,2,2,3,3,2,0,1,1,2,0,1,1,0,0,1,1,0,1,2,2,1,3,5,14,6,9,8,23,7.666666666666667
26,0,0,15,1,1,1,2,2,2,2,2,0,1,1,0,0,1,1,0,1,1,1,0,4,2,2,1,2,5,2,12,12,11,35,11.666666666666666
27,0,0,15,1,1,1,4,2,1,3,1,0,1,1,0,0,0,1,0,1,1,1,0,2,2,4,2,4,1,4,15,16,15,46,15.333333333333334
28,0,0,16,1,0,0,3,4,3,2,2,0,1,2,0,1,1,0,1,1,1,1,0,5,3,3,1,1,5,4,11,11,11,33,11.0
29,0,0,16,1,1,1,4,4,4,4,2,0,1,2,0,0,1,1,1,1,1,1,1,4,4,5,5,5,5,16,10,12,11,33,11.0
30,0,0,15,1,1,1,4,4,1,3,2,0,1,2,0,0,1,1,0,0,1,1,0,5,4,2,3,4,5,0,9,11,12,32,10.666666666666666
31,0,0,15,1,1,1,4,4,3,3,3,0,2,2,0,0,1,0,1,1,1,1,0,4,3,1,1,1,5,0,17,16,17,50,16.666666666666668
32,0,0,15,0,1,1,4,3,4,0,0,0,1,2,0,0,1,0,1,1,1,1,1,4,5,2,1,1,5,0,17,16,16,49,16.333333333333332
33,0,0,15,1,0,1,3,3,2,2,0,0,1,2,0,0,0,0,1,0,1,1,0,5,3,2,1,1,2,0,8,10,12,30,10.0
34,0,0,16,1,1,1,3,2,2,2,2,0,1,1,0,0,1,1,0,0,1,1,0,5,4,3,1,1,5,0,12,14,15,41,13.666666666666666
35,0,1,15,1,1,1,2,3,2,2,1,1,2,1,0,0,1,0,1,1,1,0,0,3,5,1,1,1,5,0,8,7,6,21,7.0
36,0,0,15,1,0,1,4,3,4,3,2,0,1,3,0,0,1,0,1,1,1,1,0,5,4,3,1,1,4,2,15,16,18,49,16.333333333333332
37,0,0,16,0,1,0,4,4,2,4,3,0,2,3,0,0,1,0,1,1,1,1,1,2,4,3,1,1,5,7,15,16,15,46,15.333333333333334
38,0,1,15,0,1,1,3,4,3,1,0,0,1,3,0,1,1,1,1,1,1,1,0,4,3,2,1,1,5,2,12,12,11,35,11.666666666666666
39,0,1,15,0,1,1,2,2,0,2,3,0,1,1,0,1,1,1,1,1,1,0,0,4,3,1,1,1,2,8,14,13,13,40,13.333333333333334
40,0,1,16,1,0,1,2,2,2,2,2,0,2,2,1,0,1,0,1,0,1,1,1,3,3,3,1,2,3,25,7,10,11,28,9.333333333333334
41,0,0,15,1,0,1,4,4,4,2,2,2,1,1,0,0,1,0,0,0,1,1,1,5,4,3,2,4,5,8,12,12,12,36,12.0
42,0,0,15,1,1,1,4,4,3,4,0,1,1,2,0,0,1,0,1,1,1,1,0,4,3,3,1,1,5,2,19,18,18,55,18.333333333333332
43,0,0,15,1,1,1,2,2,3,3,0,1,1,1,0,1,1,0,0,1,1,1,0,5,4,1,1,1,1,0,8,8,11,27,9.0
44,0,1,16,1,0,1,2,2,2,0,0,1,2,2,1,1,0,0,1,1,1,1,0,4,3,3,2,2,5,14,10,10,9,29,9.666666666666666
45,0,1,15,1,0,0,4,3,2,2,0,0,1,2,0,1,1,1,1,1,1,1,1,5,2,2,1,1,5,8,8,8,6,22,7.333333333333333
46,0,1,16,1,0,0,3,3,2,3,2,0,1,2,0,0,1,0,0,1,1,1,0,2,3,5,1,4,3,12,11,12,11,34,11.333333333333334
47,0,0,16,1,1,1,4,3,1,3,3,0,1,4,0,0,0,0,1,1,1,1,0,4,2,2,1,1,2,4,19,19,20,58,19.333333333333332
48,0,0,15,1,1,1,4,2,4,2,2,0,1,2,0,0,1,1,0,1,1,0,0,4,3,3,2,2,5,2,15,15,14,44,14.666666666666666
49,0,1,15,1,1,1,4,4,3,4,1,1,1,2,1,1,1,0,1,0,1,1,0,4,4,4,1,1,3,2,7,7,7,21,7.0
50,0,1,16,1,0,1,2,2,3,3,0,0,3,2,0,0,1,1,0,1,1,1,0,4,3,3,2,3,4,2,12,13,13,38,12.666666666666666
51,0,1,15,1,0,1,4,2,1,2,1,0,1,2,0,0,1,1,0,1,1,1,0,4,3,3,1,1,5,2,11,13,13,37,12.333333333333334
52,0,0,15,1,0,0,4,2,1,1,1,1,2,1,1,0,0,0,0,1,1,0,0,5,5,5,3,4,5,6,11,11,10,32,10.666666666666666
53,0,1,15,1,1,1,4,4,3,3,0,0,1,1,0,1,1,1,0,1,1,1,0,3,3,4,2,3,5,0,8,10,11,29,9.666666666666666
54,0,1,15,1,0,0,3,3,2,2,1,0,1,1,0,0,0,1,0,1,1,1,0,5,3,4,4,4,1,6,10,13,13,36,12.0
55,0,1,16,1,1,0,2,1,2,2,1,0,1,2,0,0,0,1,1,1,1,1,1,5,3,4,1,1,2,8,8,9,10,27,9.0
56,0,1,15,1,1,0,4,3,3,3,3,0,1,2,0,0,1,1,1,1,1,1,0,4,3,2,1,1,1,0,14,15,15,44,14.666666666666666
57,0,0,15,1,1,1,4,4,4,1,3,0,1,2,0,0,1,0,1,1,1,0,0,3,2,2,1,1,5,4,14,15,15,44,14.666666666666666
58,0,0,15,1,0,1,1,2,2,0,2,1,1,2,0,1,1,0,1,1,1,1,0,4,3,2,1,1,5,2,9,10,9,28,9.333333333333334
59,0,1,16,1,1,1,4,2,3,2,0,0,1,2,0,0,1,0,0,1,1,1,0,4,2,3,1,1,5,2,15,16,16,47,15.666666666666666
60,0,1,16,0,1,1,4,4,1,4,1,0,1,2,0,0,1,0,1,1,1,0,0,2,4,4,2,3,4,6,10,11,11,32,10.666666666666666
61,0,1,16,1,1,1,1,1,3,3,0,1,4,1,0,1,1,0,1,0,1,1,1,5,5,5,5,5,5,6,10,8,11,29,9.666666666666666
62,0,1,16,1,0,1,1,2,2,3,3,1,1,2,0,1,0,0,1,1,1,1,0,4,4,3,1,1,1,4,8,10,9,27,9.0
63,0,1,16,1,1,1,4,3,4,1,2,0,1,3,0,1,1,1,1,1,1,1,0,3,4,4,2,4,4,2,10,9,9,28,9.333333333333334
64,0,1,15,1,0,1,4,3,3,3,3,1,1,2,0,1,0,0,1,1,1,1,1,4,4,4,2,4,2,0,10,10,10,30,10.0
65,0,1,16,1,0,1,4,3,4,3,0,0,3,2,0,0,1,0,1,1,1,1,0,5,4,3,1,2,1,2,16,15,15,46,15.333333333333334
66,0,0,15,1,1,0,4,4,2,3,3,0,1,4,0,0,1,0,1,0,1,1,1,1,3,3,5,5,3,4,13,13,12,38,12.666666666666666
67,0,1,16,1,1,1,3,1,3,2,0,0,1,4,0,1,1,1,0,1,1,1,0,4,3,3,1,2,5,4,7,7,6,20,6.666666666666667
68,0,1,15,0,0,1,2,2,1,3,3,0,2,2,0,1,1,1,0,1,1,1,0,4,1,3,1,3,4,2,8,9,8,25,8.333333333333334
69,0,1,15,0,0,1,3,1,2,2,3,1,2,4,0,0,1,0,0,0,1,1,0,4,4,2,2,3,3,12,16,16,16,48,16.0
70,0,0,16,1,1,1,3,1,2,2,3,1,2,4,0,0,1,1,0,1,1,1,0,4,3,2,1,1,5,0,13,15,15,43,14.333333333333334
71,0,0,15,1,1,1,4,2,2,2,0,0,1,4,0,0,0,0,0,1,1,1,0,3,3,3,1,1,3,0,10,10,10,30,10.0
72,0,1,15,0,1,1,1,1,2,2,3,0,1,2,2,1,1,0,0,0,1,1,1,3,3,4,2,4,5,2,8,6,5,19,6.333333333333333
73,0,0,16,1,1,1,3,1,2,2,3,0,1,1,0,0,0,0,1,1,1,0,0,5,3,2,2,2,5,2,12,12,14,38,12.666666666666666
74,0,1,16,1,1,1,3,3,2,3,2,0,1,2,0,1,1,1,1,1,1,1,0,4,3,3,2,4,5,54,11,12,11,34,11.333333333333334
75,0,0,15,1,1,1,4,3,4,2,2,0,1,2,0,0,1,1,1,1,1,1,0,4,3,3,2,3,5,6,9,9,10,28,9.333333333333334
76,0,0,15,1,1,1,4,0,4,2,0,0,2,4,0,0,0,0,1,1,1,1,0,3,4,3,1,1,1,8,11,11,10,32,10.666666666666666
77,0,1,16,1,1,1,2,2,2,2,3,0,1,4,0,0,0,1,0,1,1,1,1,5,2,3,1,3,3,0,11,11,11,33,11.0
78,0,0,17,1,1,1,2,1,2,2,2,0,2,1,3,1,1,0,1,1,0,1,0,4,5,1,1,1,3,2,8,8,10,26,8.666666666666666
79,0,1,16,1,1,1,3,4,0,2,0,0,1,2,0,0,1,0,0,1,1,1,0,2,4,3,1,2,3,12,5,5,5,15,5.0
80,0,0,15,1,1,1,2,3,2,3,0,1,1,1,0,1,1,1,1,0,1,1,1,3,2,2,1,3,3,2,10,12,12,34,11.333333333333334
81,0,0,15,1,1,1,2,3,2,2,2,0,1,3,0,1,0,1,0,0,1,1,0,5,3,2,1,2,5,4,11,10,11,32,10.666666666666666
82,0,1,15,1,0,1,3,2,3,2,3,0,1,2,0,0,1,1,0,1,1,1,0,4,4,4,1,1,5,10,7,6,6,19,6.333333333333333
83,0,0,15,1,0,1,2,2,3,3,2,0,2,2,0,0,0,1,1,1,1,1,0,5,3,3,1,3,4,4,15,15,15,45,15.0
84,0,1,15,1,1,1,1,1,2,2,2,1,1,2,0,0,1,0,1,0,1,1,0,4,3,2,2,3,4,2,9,10,10,29,9.666666666666666
85,0,1,15,1,1,1,4,4,3,3,3,1,2,2,2,0,0,1,0,1,1,1,1,4,4,4,2,3,5,6,7,9,8,24,8.0
86,0,1,16,1,0,1,2,2,0,2,0,0,1,2,0,0,1,0,0,1,1,0,0,4,3,4,1,2,2,4,8,7,6,21,7.0
87,0,1,15,1,1,1,4,2,2,2,3,0,1,3,0,0,1,0,1,1,1,1,0,5,3,3,1,3,1,4,13,14,14,41,13.666666666666666
88,0,0,16,1,1,1,2,2,3,2,3,1,2,2,1,0,0,1,1,0,1,1,0,4,4,2,1,1,3,12,11,10,10,31,10.333333333333334
89,0,0,16,1,0,0,4,4,4,1,3,0,1,2,0,0,1,0,0,1,1,0,0,4,1,3,3,5,5,18,8,6,7,21,7.0
90,0,1,16,1,1,1,3,3,2,2,2,0,1,3,0,0,1,1,0,1,1,1,1,4,3,3,1,3,4,0,7,7,8,22,7.333333333333333
91,0,1,15,1,1,1,4,3,3,2,3,0,1,1,0,0,0,1,1,1,1,1,0,4,5,5,1,3,1,4,16,17,18,51,17.0
92,0,1,16,1,0,1,3,1,2,2,2,1,1,2,0,1,1,0,0,1,1,0,0,3,3,3,2,3,2,4,7,6,6,19,6.333333333333333
93,0,1,16,1,1,1,4,2,4,3,2,0,2,2,0,0,1,1,1,1,1,1,0,5,3,3,1,1,1,0,11,10,10,31,10.333333333333334
94,0,0,15,1,0,1,2,2,3,1,3,0,1,4,0,0,1,0,1,1,1,1,0,4,3,4,1,1,4,6,11,13,14,38,12.666666666666666
95,0,1,15,0,1,1,1,1,0,2,2,0,2,4,1,1,1,1,1,1,1,1,0,3,1,2,1,1,1,2,7,10,10,27,9.0
96,0,0,16,0,1,1,4,3,3,2,3,0,2,1,0,1,1,0,1,0,1,1,0,3,3,3,1,1,4,2,11,15,15,41,13.666666666666666
97,0,1,16,1,1,1,2,1,2,2,0,0,1,2,0,0,1,1,0,1,1,0,1,4,3,5,1,1,5,2,8,9,10,27,9.0
98,0,1,16,1,1,1,4,4,2,2,3,0,1,1,0,0,0,0,1,0,1,1,0,5,3,4,1,2,1,6,11,14,14,39,13.0
99,0,1,16,1,1,1,4,3,2,0,0,0,1,3,0,1,1,1,0,1,1,1,0,5,3,5,1,1,3,0,7,9,8,24,8.0
100,0,0,16,1,1,1,4,4,3,3,1,0,1,1,0,1,1,1,1,1,1,1,0,4,5,5,5,5,4,14,7,7,5,19,6.333333333333333
101,0,0,16,1,1,1,4,4,3,4,1,1,1,3,0,0,1,0,1,1,1,1,1,4,4,3,1,1,4,0,16,17,17,50,16.666666666666668
102,0,0,15,1,1,1,4,4,3,2,0,0,1,1,0,0,1,0,1,0,1,1,0,5,3,3,1,1,5,4,10,13,14,37,12.333333333333334
103,0,1,15,1,1,1,3,2,3,2,2,0,2,2,0,1,1,1,0,1,1,1,0,4,3,5,1,1,2,26,7,6,6,19,6.333333333333333
104,0,0,15,1,1,0,3,4,3,2,0,0,1,2,0,0,1,1,1,1,1,1,0,5,4,4,1,1,1,0,16,18,18,52,17.333333333333332
105,0,1,15,1,1,0,3,3,2,1,3,1,1,4,0,1,0,0,0,1,1,0,0,4,3,3,1,1,4,10,10,11,11,32,10.666666666666666
106,0,1,15,1,1,1,2,2,2,2,0,0,1,4,0,1,1,1,0,1,1,1,0,5,1,2,1,1,3,8,7,8,8,23,7.666666666666667
107,0,0,16,1,1,1,3,3,3,2,2,1,1,3,0,0,1,0,1,1,1,1,0,5,3,3,1,1,5,2,16,18,18,52,17.333333333333332
108,0,0,15,0,1,1,4,4,2,2,2,1,4,4,0,0,1,1,1,1,1,1,1,1,3,5,3,5,1,6,10,13,13,36,12.0
109,0,1,16,1,0,1,4,4,1,1,1,0,1,3,0,0,1,1,1,1,1,1,1,5,4,5,1,1,4,4,14,15,16,45,15.0
110,0,0,15,1,0,0,4,4,4,4,0,0,1,1,0,0,0,0,1,1,1,1,0,5,5,3,1,1,4,6,18,19,19,56,18.666666666666668
111,0,1,16,0,1,1,3,3,3,2,3,1,1,3,1,1,1,0,1,1,1,1,0,4,1,2,1,1,2,0,7,10,10,27,9.0
112,0,1,16,1,1,1,2,2,0,2,2,0,1,2,1,1,0,0,1,1,1,1,0,3,1,2,1,1,5,6,10,13,13,36,12.0
113,0,0,15,1,0,1,4,2,4,2,0,0,1,1,0,0,0,0,0,1,1,1,0,3,5,2,1,1,3,10,18,19,19,56,18.666666666666668
114,0,0,15,0,1,1,2,1,1,3,3,0,1,2,0,0,0,0,1,1,1,1,1,5,4,2,1,1,5,8,9,9,9,27,9.0
115,0,0,16,1,1,1,4,4,4,4,0,1,1,2,0,0,1,0,1,1,1,1,0,5,4,4,1,2,5,2,15,15,16,46,15.333333333333334
116,0,0,15,1,1,1,4,4,2,4,3,1,2,2,0,0,1,0,1,1,1,0,0,4,4,3,1,1,2,2,11,13,14,38,12.666666666666666
117,0,0,16,1,1,1,3,3,2,3,2,1,2,1,0,0,0,0,1,1,1,1,0,5,4,2,1,1,5,0,13,14,13,40,13.333333333333334
118,0,0,17,0,1,1,1,3,2,2,0,1,3,2,1,0,1,0,1,1,1,1,0,5,2,4,1,4,5,20,9,7,8,24,8.0
119,0,0,15,1,1,1,3,4,2,2,3,1,1,1,0,0,0,0,0,1,1,1,0,3,4,3,1,2,4,6,14,13,13,40,13.333333333333334
120,0,1,15,1,1,1,1,2,0,3,0,0,1,2,0,0,0,0,0,0,1,1,0,3,2,3,1,2,1,2,16,15,15,46,15.333333333333334
121,0,0,15,1,1,1,2,2,3,3,2,1,1,4,0,0,1,1,1,1,1,1,0,5,5,4,1,2,5,6,16,14,15,45,15.0
122,0,1,16,1,0,1,2,4,2,1,0,1,2,2,0,0,1,1,1,1,1,1,1,4,2,2,1,2,5,2,13,13,13,39,13.0
123,0,0,16,1,1,1,4,4,1,2,0,0,1,1,0,0,1,0,1,1,1,1,0,3,4,4,1,4,5,18,14,11,13,38,12.666666666666666
124,0,1,16,1,1,1,2,2,2,2,2,0,1,2,0,0,0,1,0,1,1,1,1,5,4,4,1,1,5,0,8,7,8,23,7.666666666666667
125,0,0,15,1,1,1,3,4,3,3,2,1,1,1,0,1,0,0,0,1,1,1,0,5,5,5,3,2,5,0,13,13,12,38,12.666666666666666
126,0,1,15,1,0,0,3,4,2,2,2,0,1,2,0,1,0,0,1,1,1,1,1,5,3,2,1,1,1,0,7,10,11,28,9.333333333333334
127,0,1,19,1,1,1,0,1,0,2,0,2,1,2,3,0,1,0,0,0,0,0,0,3,4,2,1,1,5,2,7,8,9,24,8.0
128,0,0,18,0,1,1,2,2,3,2,3,0,1,1,2,0,1,0,1,1,1,1,0,3,3,3,1,2,4,0,7,4,0,11,3.6666666666666665
129,0,0,16,0,1,1,4,4,4,4,0,0,1,1,0,0,0,1,1,1,1,1,0,3,5,5,2,5,4,8,18,18,18,54,18.0
130,0,1,15,0,1,1,3,4,3,4,0,1,2,3,2,0,1,0,0,1,1,1,1,4,2,2,2,2,5,0,12,0,0,12,4.0
131,0,1,15,1,1,1,1,1,0,2,0,0,3,1,0,0,1,0,1,0,1,1,1,4,3,3,1,2,4,0,8,0,0,8,2.6666666666666665
132,0,1,17,1,0,1,2,2,2,2,0,1,1,1,0,0,1,0,0,1,1,1,1,3,4,4,1,3,5,12,10,13,12,35,11.666666666666666
133,0,1,16,1,1,0,3,4,3,2,0,1,1,1,0,0,0,0,0,1,1,1,0,3,2,1,1,4,5,16,12,11,11,34,11.333333333333334
134,0,0,15,0,1,1,3,4,0,4,0,0,4,2,0,0,1,0,0,1,1,0,1,5,3,3,1,1,5,0,9,0,0,9,3.0
135,0,1,15,1,1,1,4,4,3,0,0,0,1,3,0,0,1,0,1,1,1,1,1,4,3,3,1,1,5,0,11,0,0,11,3.6666666666666665
136,0,0,17,0,1,1,3,4,0,2,0,0,3,2,0,0,0,0,0,1,1,0,0,5,4,5,2,4,5,0,10,0,0,10,3.3333333333333335
137,0,1,16,1,1,0,3,3,2,2,0,2,2,1,2,0,1,0,1,0,1,1,1,4,3,2,1,1,5,0,4,0,0,4,1.3333333333333333
138,0,0,16,1,0,1,1,1,3,2,0,0,1,2,1,0,0,0,0,1,1,0,1,4,4,4,1,3,5,0,14,12,12,38,12.666666666666666
139,0,1,15,1,1,1,4,4,4,4,0,0,2,1,0,0,0,0,1,1,1,1,0,4,3,2,1,1,5,0,16,16,15,47,15.666666666666666
140,0,0,15,1,1,1,4,3,4,3,0,1,2,4,0,1,1,0,0,1,1,1,0,2,2,2,1,1,3,0,7,9,0,16,5.333333333333333
141,0,0,16,1,0,1,2,2,3,3,3,1,2,1,2,0,1,0,1,1,1,1,0,2,3,3,2,2,2,8,9,9,9,27,9.0
142,0,1,15,1,1,1,4,4,4,3,0,0,1,3,0,0,1,1,1,1,1,1,0,4,2,2,1,1,5,2,9,11,11,31,10.333333333333334
143,0,1,16,1,0,1,1,1,0,0,0,0,1,1,0,0,0,0,0,1,1,1,0,3,4,4,3,3,1,2,14,14,13,41,13.666666666666666
144,0,0,17,1,1,1,2,1,2,2,2,0,1,1,3,0,1,0,0,1,1,1,0,5,4,5,1,2,5,0,5,0,0,5,1.6666666666666667
145,0,1,15,1,1,1,1,1,2,3,0,1,1,2,0,0,1,1,0,1,1,1,0,4,4,2,1,2,5,0,8,11,11,30,10.0
146,0,1,15,1,1,1,3,2,1,3,2,1,1,2,3,0,1,0,0,1,1,1,0,3,3,2,1,1,3,0,6,7,0,13,4.333333333333333
147,0,1,15,1,1,1,1,2,0,2,0,0,1,2,0,0,1,1,0,0,1,1,0,4,3,2,1,1,5,2,10,11,11,32,10.666666666666666
148,0,0,16,1,1,1,4,4,4,4,0,0,1,1,0,0,1,0,0,1,0,1,1,3,3,2,2,1,5,0,7,6,0,13,4.333333333333333
149,0,0,15,1,0,0,2,1,3,2,0,0,4,1,3,0,0,0,0,1,1,1,0,4,5,5,2,5,5,0,8,9,10,27,9.0
150,0,0,18,1,0,1,1,1,2,2,0,0,1,1,3,0,0,0,0,1,0,1,1,2,3,5,2,5,4,0,6,5,0,11,3.6666666666666665
151,0,0,16,1,0,1,2,1,0,2,0,0,1,1,1,0,0,0,1,1,1,0,1,4,4,4,3,5,5,6,12,13,14,39,13.0
152,0,1,15,0,1,1,3,3,3,3,3,2,2,3,2,0,1,1,1,1,1,1,1,4,2,1,2,3,3,8,10,10,10,30,10.0
153,0,0,19,1,1,1,3,2,3,0,2,0,1,1,3,0,1,0,0,1,0,1,1,4,5,4,1,1,4,0,5,0,0,5,1.6666666666666667
154,0,1,17,1,1,1,4,4,2,4,0,0,1,1,0,1,1,0,0,1,1,0,1,4,2,1,1,1,4,0,11,11,12,34,11.333333333333334
155,0,0,15,0,1,1,2,3,0,3,0,0,1,2,0,1,0,1,1,1,1,0,0,4,4,4,1,1,1,2,11,8,8,27,9.0
156,0,0,17,0,0,1,1,2,2,2,3,0,1,1,0,0,0,0,0,1,1,0,0,2,2,2,3,3,5,8,16,12,13,41,13.666666666666666
157,0,1,18,0,1,1,1,1,0,2,0,0,3,1,3,0,1,0,1,0,1,0,0,5,2,5,1,5,4,6,9,8,10,27,9.0
158,0,0,16,0,1,1,2,2,0,2,0,0,3,1,0,0,0,0,0,0,1,0,0,4,2,2,1,2,3,2,17,15,15,47,15.666666666666666
159,0,0,16,1,1,1,3,3,2,3,0,1,1,2,1,0,1,1,0,1,1,1,1,4,5,5,4,4,5,4,10,12,12,34,11.333333333333334
160,0,0,17,0,0,1,2,1,0,2,0,0,2,1,2,0,0,0,1,1,0,1,1,3,3,2,2,2,5,0,7,6,0,13,4.333333333333333
161,0,0,15,0,1,1,3,2,2,2,0,0,2,2,2,1,1,0,0,1,1,1,1,4,4,4,1,4,3,6,5,9,7,21,7.0
162,0,0,16,1,0,1,1,2,2,2,0,0,2,1,1,0,0,0,1,1,1,0,0,4,4,4,2,4,5,0,7,0,0,7,2.3333333333333335
163,0,0,17,1,1,1,1,3,0,3,0,1,1,1,0,0,0,0,0,1,0,1,0,5,3,3,1,4,2,2,10,10,10,30,10.0
164,0,0,17,0,0,1,1,1,2,3,0,0,4,2,3,0,0,0,1,1,0,0,1,5,3,5,1,5,5,0,5,8,7,20,6.666666666666667
165,0,0,16,1,1,1,3,2,3,3,0,0,2,1,1,0,1,0,1,0,0,0,0,4,5,2,1,1,2,16,12,11,12,35,11.666666666666666
166,0,0,16,1,1,1,2,2,2,2,0,1,1,2,0,0,0,0,0,1,0,1,0,4,3,5,2,4,4,4,10,10,10,30,10.0
167,0,1,16,1,1,1,4,2,1,3,2,1,1,2,0,0,0,1,0,1,1,1,1,4,2,3,1,1,3,0,14,15,16,45,15.0
168,0,1,16,1,1,1,2,2,2,2,2,0,1,2,0,0,1,1,0,0,1,1,0,5,1,5,1,1,4,0,6,7,0,13,4.333333333333333
169,0,1,16,1,1,1,4,4,1,1,3,0,1,2,0,0,1,1,0,1,1,1,1,4,4,2,1,1,3,0,14,14,14,42,14.0
170,0,0,16,1,1,1,3,4,2,2,0,1,3,1,2,0,1,0,1,0,1,1,0,3,4,5,2,4,2,0,6,5,0,11,3.6666666666666665
171,0,0,16,1,1,1,1,0,2,2,3,0,2,2,0,0,1,1,1,1,1,1,1,4,3,2,1,1,3,2,13,15,16,44,14.666666666666666
172,0,0,17,1,0,1,4,4,4,2,3,0,1,2,0,0,1,1,1,1,1,1,0,4,4,4,1,3,5,0,13,11,10,34,11.333333333333334
173,0,1,16,1,1,1,1,3,0,3,2,0,1,2,3,0,0,0,1,0,1,1,1,4,3,5,1,1,3,0,8,7,0,15,5.0
174,0,1,16,1,0,1,3,3,2,2,3,0,2,2,0,0,1,1,1,1,1,1,0,4,4,5,1,1,4,4,10,11,9,30,10.0
175,0,0,17,1,0,1,4,3,4,2,0,0,2,2,0,0,0,1,1,1,1,1,0,4,4,4,4,4,4,4,10,9,9,28,9.333333333333334
176,0,1,16,1,1,1,2,2,3,2,3,0,2,2,0,0,0,1,1,0,1,1,0,3,4,4,1,4,5,2,13,13,11,37,12.333333333333334
177,0,0,17,1,1,1,3,3,2,2,3,1,1,2,0,0,0,0,1,0,1,1,0,4,3,4,1,4,4,4,6,5,6,17,5.666666666666667
178,0,0,16,0,1,1,4,2,4,3,1,0,1,1,0,0,1,0,1,1,1,1,1,4,3,3,3,4,3,10,10,8,9,27,9.0
179,0,0,17,1,1,1,4,3,2,2,0,0,1,2,0,0,1,0,1,1,1,1,1,5,2,3,1,1,2,4,10,10,11,31,10.333333333333334
180,0,0,16,1,1,1,4,3,4,2,2,0,1,2,0,0,1,1,1,1,1,1,0,3,4,3,2,3,3,10,9,8,8,25,8.333333333333334
181,0,0,16,1,1,1,3,3,3,2,2,0,1,2,0,0,0,1,1,1,1,1,1,4,2,3,1,2,3,2,12,13,12,37,12.333333333333334
182,0,1,17,1,1,1,2,4,3,3,3,1,1,2,0,0,1,0,1,1,1,0,0,5,4,2,2,3,5,0,16,17,17,50,16.666666666666668
183,0,1,17,1,0,1,3,3,2,2,3,0,1,2,0,0,1,0,1,1,1,1,1,5,3,3,2,3,1,56,9,9,8,26,8.666666666666666
184,0,1,16,1,1,1,3,2,2,2,3,0,1,2,0,0,1,1,0,1,1,1,0,1,2,2,1,2,1,14,12,13,12,37,12.333333333333334
185,0,0,17,1,1,1,3,3,3,3,1,0,1,2,0,0,1,0,1,1,1,1,1,4,3,4,2,3,4,12,12,12,11,35,11.666666666666666
186,0,0,16,1,1,1,1,2,3,3,1,0,1,1,0,0,1,1,1,1,1,1,1,3,3,3,1,2,3,2,11,12,11,34,11.333333333333334
187,0,0,16,1,0,1,2,1,2,2,0,0,1,2,0,0,0,1,1,1,1,1,1,4,2,3,1,2,5,0,15,15,15,45,15.0
188,0,1,17,1,1,0,3,3,1,2,3,0,1,2,0,0,1,0,0,0,1,1,1,3,3,3,1,3,3,6,8,7,9,24,8.0
189,0,0,17,0,1,1,1,2,0,2,2,0,1,2,0,0,0,0,0,1,1,0,0,3,1,3,1,5,3,4,8,9,10,27,9.0
190,0,1,16,1,1,1,2,3,3,3,0,0,1,2,0,0,0,0,0,1,1,1,0,4,3,3,1,1,2,10,11,12,13,36,12.0
191,0,1,17,1,1,1,1,1,0,3,0,0,1,2,0,0,0,0,1,1,1,1,0,5,3,3,1,1,3,0,8,8,9,25,8.333333333333334
192,0,0,17,1,1,1,1,2,0,3,1,2,2,2,0,0,0,1,1,0,1,1,0,4,4,4,4,5,5,12,7,8,8,23,7.666666666666667
193,0,0,16,0,1,1,3,3,3,3,3,0,1,1,0,0,1,0,1,1,1,1,0,4,3,2,3,4,5,8,8,9,10,27,9.0
194,0,0,16,1,1,1,2,3,2,2,2,1,2,1,0,0,0,0,0,1,1,1,0,5,3,3,1,1,3,0,13,14,14,41,13.666666666666666
195,0,1,17,1,0,1,2,4,3,3,0,1,1,2,0,0,0,0,1,1,1,1,1,4,3,2,1,1,5,0,14,15,15,44,14.666666666666666
196,0,0,17,1,1,1,4,4,3,4,2,0,1,1,0,0,0,0,0,1,1,1,0,5,2,3,1,2,5,4,17,15,16,48,16.0
197,0,0,16,0,0,1,3,3,4,2,2,1,3,1,0,0,1,1,1,1,1,1,0,3,3,4,3,5,3,8,9,9,10,28,9.333333333333334
198,0,1,17,1,1,1,4,4,3,4,2,0,2,1,1,0,1,0,0,1,1,1,0,4,2,4,2,3,2,24,18,18,18,54,18.0
199,0,1,16,1,0,1,4,4,4,4,3,0,1,2,0,0,1,1,0,1,1,1,0,4,5,2,1,2,3,0,9,9,10,28,9.333333333333334
200,0,1,16,1,1,1,4,3,1,2,2,0,1,2,0,0,1,0,1,1,1,1,0,4,3,5,1,5,2,2,16,16,16,48,16.0
201,0,1,16,1,1,1,2,3,2,2,3,0,1,2,0,1,1,1,1,1,1,0,0,4,4,3,1,3,4,6,8,10,10,28,9.333333333333334
202,0,1,17,1,1,1,1,1,2,2,0,0,1,2,0,0,1,1,0,0,1,0,0,4,4,4,1,3,1,4,9,9,10,28,9.333333333333334
203,0,1,17,0,1,1,2,2,2,2,3,0,1,1,0,0,1,0,0,1,1,1,0,5,3,2,1,2,3,18,7,6,6,19,6.333333333333333
204,0,1,16,0,1,1,2,2,3,3,3,0,2,4,0,0,1,1,1,0,1,1,0,5,3,5,1,1,5,6,10,10,11,31,10.333333333333334
205,0,1,17,1,1,1,3,4,0,3,2,0,1,3,1,0,1,1,0,1,1,1,1,4,4,3,3,4,5,28,10,9,9,28,9.333333333333334
206,0,1,16,1,1,0,3,1,3,2,0,0,1,2,3,0,1,1,0,1,1,1,0,2,3,3,2,2,4,5,7,7,7,21,7.0
207,0,1,16,1,1,1,4,3,4,2,1,0,1,2,0,0,0,1,1,1,1,1,1,1,3,2,1,1,1,10,11,12,13,36,12.0
208,0,1,16,1,1,1,1,1,0,2,2,0,2,1,0,0,1,1,0,1,1,0,0,4,3,2,1,4,5,6,9,9,10,28,9.333333333333334
209,0,1,17,0,1,1,4,3,4,2,3,0,2,3,0,0,1,1,1,1,1,1,1,4,4,2,1,1,4,6,7,7,7,21,7.0
210,0,1,19,1,1,1,3,3,2,2,3,2,1,4,0,0,1,1,1,1,1,1,0,4,3,3,1,2,3,10,8,8,8,24,8.0
211,0,0,17,1,0,1,4,4,3,2,2,0,1,2,0,0,1,1,0,1,1,1,1,5,3,5,4,5,3,13,12,12,13,37,12.333333333333334
212,0,1,16,1,1,0,2,2,2,2,3,0,1,2,0,1,1,1,0,1,1,1,0,3,3,4,1,1,4,0,12,13,14,39,13.0
213,0,0,18,1,1,1,2,2,3,2,2,0,1,2,1,0,1,1,1,1,1,1,0,4,4,4,2,4,5,15,6,7,8,21,7.0
214,0,1,17,0,0,1,4,4,3,2,1,0,1,1,0,0,1,1,0,1,1,0,0,5,2,1,1,2,3,12,8,10,10,28,9.333333333333334
215,0,1,17,1,0,1,3,2,2,2,3,0,2,2,0,0,0,1,0,1,1,1,0,4,4,4,1,3,1,2,14,15,15,44,14.666666666666666
216,0,1,17,1,1,1,4,3,2,2,3,0,1,2,2,0,0,1,0,1,1,1,1,3,4,5,2,4,1,22,6,6,4,16,5.333333333333333
217,0,0,18,1,0,1,3,3,3,1,2,1,1,2,1,0,1,1,0,1,1,1,0,3,2,4,2,4,4,13,6,6,8,20,6.666666666666667
218,0,1,17,1,1,1,2,3,0,2,2,1,2,1,0,0,1,1,0,1,1,0,0,3,3,3,1,4,3,3,7,7,8,22,7.333333333333333
219,0,1,17,1,1,1,2,2,0,0,0,0,1,3,0,0,1,1,1,1,1,1,0,4,3,3,1,1,4,4,9,10,10,29,9.666666666666666
220,0,1,17,0,1,1,2,1,0,3,3,0,2,2,0,0,1,0,1,1,1,1,0,4,2,5,1,2,5,2,6,6,6,18,6.0
221,0,1,17,1,1,1,1,1,0,2,3,0,1,3,1,0,1,0,1,1,1,0,1,4,3,4,1,1,5,0,6,5,0,11,3.6666666666666665
222,0,1,16,1,1,1,2,3,3,4,1,0,1,2,0,1,0,0,0,1,1,1,0,2,3,1,1,1,3,2,16,16,17,49,16.333333333333332
223,0,0,18,1,1,1,2,2,2,2,2,0,2,2,0,0,1,1,0,1,1,1,0,3,3,3,5,5,4,0,12,13,13,38,12.666666666666666
224,0,1,16,1,1,1,4,4,4,3,2,0,1,3,0,0,1,0,1,0,1,1,0,5,3,2,1,1,5,0,13,13,14,40,13.333333333333334
225,0,1,18,0,1,1,3,1,2,2,3,0,1,2,1,0,0,0,1,1,1,1,1,5,3,3,1,1,4,16,9,8,7,24,8.0
226,0,1,17,1,1,1,3,2,2,2,0,0,1,2,0,0,0,0,1,0,1,1,0,5,3,4,1,3,3,10,16,15,15,46,15.333333333333334
227,0,0,17,1,0,1,2,3,3,3,3,1,1,2,0,0,1,1,0,0,1,1,0,5,3,3,1,3,3,2,12,11,12,35,11.666666666666666
228,0,0,18,1,0,1,2,1,0,2,0,0,4,2,0,1,1,1,1,1,1,1,1,4,3,2,4,5,3,14,10,8,9,27,9.0
229,0,1,17,1,1,0,2,1,2,2,0,0,2,3,0,0,0,0,1,1,1,1,1,3,2,3,1,2,3,10,12,10,12,34,11.333333333333334
230,0,1,17,1,0,1,4,3,1,2,3,1,1,2,0,0,0,0,1,1,1,1,1,3,2,3,1,2,3,14,13,13,14,40,13.333333333333334
231,0,0,17,0,1,1,2,2,2,2,0,1,2,2,0,0,1,1,1,1,1,1,0,4,5,2,1,1,1,4,11,11,11,33,11.0
232,0,0,17,1,1,1,4,4,4,4,3,0,1,2,0,1,1,0,1,1,1,1,1,4,5,5,1,3,2,14,11,9,9,29,9.666666666666666
233,0,0,16,1,1,1,4,4,1,2,3,1,1,2,0,0,1,1,1,1,1,1,0,4,2,4,2,4,1,2,14,13,13,40,13.333333333333334
234,0,0,16,1,0,1,1,1,2,2,2,0,2,2,0,0,1,1,0,1,1,1,0,3,4,2,1,1,5,18,9,7,6,22,7.333333333333333
235,0,0,16,1,1,1,3,2,0,2,3,0,2,3,0,0,0,0,1,1,1,1,1,5,3,3,1,3,2,10,11,9,10,30,10.0
236,0,0,17,1,0,1,2,2,2,2,2,1,1,2,0,0,0,1,1,0,1,1,1,4,4,2,5,5,4,4,14,13,13,40,13.333333333333334
237,0,1,16,1,1,1,2,1,2,2,2,0,1,1,0,0,0,0,0,1,1,1,1,4,5,2,1,1,5,20,13,12,12,37,12.333333333333334
238,0,1,17,0,1,1,2,1,0,3,0,0,3,2,0,0,0,0,1,1,1,0,0,2,1,1,1,1,3,2,13,11,11,35,11.666666666666666
239,0,0,18,1,1,1,2,2,2,3,3,1,1,2,1,0,0,0,0,1,0,1,0,5,5,4,3,5,2,0,7,7,0,14,4.666666666666667
240,0,0,17,1,0,1,4,3,1,2,0,0,2,2,0,0,0,0,1,1,1,1,1,2,5,5,1,4,5,14,12,12,12,36,12.0
241,0,0,17,0,0,0,4,4,4,2,0,0,2,2,0,0,1,1,0,1,1,1,0,3,3,3,2,3,4,2,10,11,12,33,11.0
242,0,0,16,1,0,1,4,3,4,2,0,0,1,1,0,0,0,0,1,0,1,1,0,5,4,5,1,1,3,0,6,0,0,6,2.0
243,0,0,16,1,1,1,4,4,3,3,0,0,1,1,0,0,0,0,1,1,1,1,0,5,3,2,1,2,5,0,13,12,12,37,12.333333333333334
244,0,1,18,1,1,1,2,1,2,2,0,2,2,3,0,0,1,1,0,0,1,1,1,4,4,4,1,1,3,0,7,0,0,7,2.3333333333333335
245,0,0,16,1,1,1,2,1,2,2,0,0,3,1,0,0,0,0,0,1,1,1,0,4,3,3,1,1,4,6,18,18,18,54,18.0
246,0,0,17,1,1,1,2,3,2,2,0,1,2,1,0,0,0,0,0,1,1,1,0,5,2,2,1,1,2,4,12,12,13,37,12.333333333333334
247,0,0,22,1,1,1,3,1,3,3,1,0,1,1,3,0,0,0,0,0,0,1,1,5,4,5,5,5,1,16,6,8,8,22,7.333333333333333
248,0,0,18,0,0,1,3,3,2,3,0,0,1,2,1,0,1,0,0,1,1,1,1,4,3,3,1,3,5,8,3,5,5,13,4.333333333333333
249,0,0,16,1,1,1,0,2,2,2,1,0,1,1,0,0,0,1,0,0,1,1,0,4,3,2,2,4,5,0,13,15,15,43,14.333333333333334
250,0,0,18,1,1,1,3,2,3,2,0,0,2,1,1,0,0,0,0,1,0,1,0,4,4,5,2,4,5,0,6,8,8,22,7.333333333333333
251,0,0,16,1,1,1,3,3,0,2,3,2,3,2,0,1,1,0,0,0,1,1,0,5,3,3,1,3,2,6,7,10,10,27,9.0
252,0,0,18,1,1,1,2,1,3,3,1,0,1,1,1,0,0,0,0,0,0,1,0,3,2,5,2,5,5,4,6,9,8,23,7.666666666666667
253,0,0,16,0,1,1,2,1,2,2,0,0,2,1,0,0,0,0,1,0,1,0,0,3,3,2,1,3,3,0,8,9,8,25,8.333333333333334
254,0,0,17,0,1,1,2,1,2,2,0,0,1,1,0,0,0,0,0,0,1,1,0,4,4,2,2,4,5,0,8,12,12,32,10.666666666666666
255,0,0,17,1,0,1,1,1,1,2,0,0,2,1,1,0,1,0,1,1,1,1,0,4,4,4,1,2,5,2,7,9,8,24,8.0
256,0,1,17,1,0,1,4,2,4,3,3,0,1,4,0,0,1,1,1,1,1,1,0,4,2,3,1,1,4,6,14,12,13,39,13.0
257,0,0,19,1,0,0,4,3,3,0,3,0,1,2,0,0,1,0,0,1,1,1,0,4,3,1,1,1,1,12,11,11,11,33,11.0
258,0,0,18,1,1,1,2,1,2,2,2,0,1,2,0,0,0,0,1,1,1,1,0,5,2,4,1,2,4,8,15,14,14,43,14.333333333333334
259,0,1,17,1,0,1,2,2,3,3,0,1,1,4,0,0,0,1,1,1,1,1,1,3,4,1,1,1,2,0,10,9,0,19,6.333333333333333
260,0,1,18,1,1,1,4,3,3,2,2,1,1,2,0,0,1,1,0,1,1,1,1,3,1,2,1,3,2,21,17,18,18,53,17.666666666666668
261,0,0,18,1,1,1,4,3,4,2,0,0,1,2,0,0,1,1,0,0,1,1,0,4,3,2,1,1,3,2,8,8,8,24,8.0
262,0,0,18,0,1,1,3,2,2,2,0,0,1,3,0,0,0,0,1,0,1,0,0,5,3,2,1,1,3,1,13,12,12,37,12.333333333333334
263,0,1,17,1,1,1,3,3,2,2,2,0,1,3,0,0,0,0,1,0,1,0,0,3,2,3,1,1,4,4,10,9,9,28,9.333333333333334
264,0,1,18,1,1,1,2,2,0,3,2,0,1,3,0,0,1,1,1,1,1,1,1,4,3,3,1,1,3,0,9,10,0,19,6.333333333333333
265,0,0,18,0,0,0,3,4,2,2,3,0,2,2,0,0,1,1,1,1,1,1,0,4,2,5,3,4,1,13,17,17,17,51,17.0
266,0,0,17,1,1,1,3,1,3,2,1,0,1,2,0,0,0,1,1,1,1,1,1,5,4,4,3,4,5,2,9,9,10,28,9.333333333333334
267,0,1,18,0,1,1,4,4,4,2,3,0,2,2,0,0,0,1,1,1,1,1,0,4,3,4,2,2,4,8,12,10,11,33,11.0
268,0,0,18,1,1,1,4,2,1,2,3,1,1,2,0,0,1,1,1,1,1,1,1,5,4,5,1,3,5,10,10,9,10,29,9.666666666666666
269,0,1,18,0,1,1,2,1,2,2,3,0,2,2,0,0,1,0,0,1,0,1,1,4,3,5,1,2,3,0,6,0,0,6,2.0
270,0,1,19,1,1,1,3,3,2,3,2,2,1,2,2,0,1,1,1,1,1,1,0,4,3,5,3,3,5,15,9,9,9,27,9.0
271,0,1,18,1,1,1,2,3,2,3,3,1,1,4,0,0,1,1,1,1,1,1,1,4,5,5,1,3,2,4,15,14,14,43,14.333333333333334
272,0,1,18,1,0,1,1,1,2,2,2,0,2,2,0,0,1,1,0,0,1,0,0,4,4,3,1,1,3,2,11,11,11,33,11.0
273,0,0,17,0,1,1,1,2,0,0,2,0,1,2,0,0,1,1,1,0,1,0,1,3,5,2,2,2,1,2,15,14,14,43,14.333333333333334
274,0,1,17,1,1,1,2,4,0,1,3,0,2,2,0,0,1,1,0,1,1,1,1,4,3,3,1,1,1,2,10,10,10,30,10.0
275,0,1,17,1,0,1,2,2,3,2,0,0,2,2,0,1,1,1,0,1,1,1,1,4,4,4,2,3,5,6,12,12,12,36,12.0
276,0,1,18,0,1,0,3,2,2,3,2,0,2,2,0,0,0,0,0,0,0,1,1,4,1,1,1,1,5,75,10,9,9,28,9.333333333333334
277,0,0,18,1,1,1,4,4,4,3,2,0,2,1,0,0,0,1,1,1,1,1,0,3,2,4,1,4,3,22,9,9,9,27,9.0
278,0,1,18,1,1,1,4,4,1,1,3,1,1,2,1,1,1,0,1,1,1,1,1,2,4,4,1,1,4,15,9,8,8,25,8.333333333333334
279,0,0,18,1,0,1,4,3,4,3,0,0,2,1,0,0,0,1,1,1,1,1,0,4,2,3,1,2,1,8,10,11,10,31,10.333333333333334
280,0,0,17,1,0,0,4,1,3,2,2,0,2,1,0,0,0,1,1,1,1,1,1,4,5,4,2,4,5,30,8,8,8,24,8.0
281,0,0,17,1,0,0,3,2,4,3,2,0,1,1,1,0,0,0,0,1,1,1,0,4,4,4,3,4,3,19,11,9,10,30,10.0
282,0,1,18,0,0,1,1,1,0,2,3,0,2,4,0,0,1,1,1,1,1,0,0,5,2,2,1,1,3,1,12,12,12,36,12.0
283,0,1,18,1,1,1,1,1,2,2,2,0,2,2,0,1,0,0,1,1,1,1,0,5,4,4,1,1,4,4,8,9,10,27,9.0
284,0,1,17,1,1,1,2,2,2,2,0,0,1,2,0,0,1,0,0,0,1,1,0,5,4,5,1,2,5,4,10,9,11,30,10.0
285,0,0,17,1,1,1,1,1,2,2,3,1,1,2,0,0,0,1,0,0,1,1,0,4,3,3,1,2,4,2,12,10,11,33,11.0
286,0,1,18,1,1,1,2,2,0,0,1,0,1,3,0,0,1,1,0,1,1,1,0,4,3,3,1,2,2,5,18,18,19,55,18.333333333333332
287,0,1,17,1,1,1,1,1,3,4,3,0,1,3,0,0,1,1,0,1,1,1,0,4,3,3,1,1,3,6,13,12,12,37,12.333333333333334
288,0,0,18,1,1,1,2,1,3,3,3,0,1,3,0,0,0,1,1,1,1,1,0,4,2,4,1,3,2,6,15,14,14,43,14.333333333333334
289,0,0,18,1,0,0,4,4,4,4,3,0,1,2,0,0,1,1,1,1,1,1,0,5,4,3,1,1,2,9,15,13,15,43,14.333333333333334
290,0,0,18,1,1,1,4,2,4,2,2,0,1,2,0,0,1,1,1,1,1,1,1,4,3,2,1,4,5,11,12,11,11,34,11.333333333333334
291,0,1,17,1,1,1,4,3,1,3,3,0,1,3,0,0,1,1,0,1,1,1,0,4,2,2,1,2,3,0,15,15,15,45,15.0
292,0,1,18,1,0,1,2,1,3,0,3,0,1,2,1,0,0,0,0,1,1,1,1,5,4,3,1,1,5,12,12,12,13,37,12.333333333333334
293,0,1,17,0,0,1,3,1,3,2,3,0,2,4,0,0,1,1,0,1,1,0,0,3,1,2,1,1,3,6,18,18,18,54,18.0
294,0,0,18,0,0,1,3,2,3,2,3,0,2,3,0,0,1,1,1,1,1,1,0,5,4,2,1,1,4,8,14,13,14,41,13.666666666666666
295,0,0,17,1,1,1,3,3,1,2,2,0,1,1,0,0,1,1,0,1,1,1,0,4,4,3,1,3,5,4,14,12,11,37,12.333333333333334
296,0,1,19,1,1,1,4,4,1,2,3,2,2,2,0,0,1,1,1,1,1,1,0,2,3,4,2,3,2,0,10,9,0,19,6.333333333333333
297,0,1,18,1,0,1,4,3,2,2,2,2,2,2,0,0,1,1,0,1,1,1,1,4,4,5,1,2,2,10,10,8,8,26,8.666666666666666
298,0,1,18,1,1,1,4,3,2,2,3,1,1,4,0,0,1,1,0,1,1,1,0,4,3,3,1,1,3,0,14,13,14,41,13.666666666666666
299,0,0,18,1,0,1,4,4,4,4,2,0,1,1,0,0,1,1,0,1,1,1,1,1,4,2,2,2,1,5,16,15,16,47,15.666666666666666
300,0,1,18,1,0,0,4,4,1,2,2,0,1,2,0,0,1,0,0,1,1,1,1,4,2,4,1,1,4,14,12,10,11,33,11.0
301,0,0,17,1,0,1,4,4,2,4,2,1,2,1,0,0,0,1,0,1,1,1,0,4,1,1,2,2,5,0,11,11,10,32,10.666666666666666
302,0,1,17,1,1,1,4,2,2,2,3,0,2,3,0,0,1,1,0,1,1,1,0,4,3,3,1,1,3,0,15,12,14,41,13.666666666666666
303,0,1,17,1,1,1,3,2,1,1,3,1,1,4,0,0,1,1,1,0,1,1,0,5,2,2,1,2,5,0,17,17,18,52,17.333333333333332
304,0,0,19,1,1,1,3,3,2,2,2,2,1,2,1,0,1,0,1,1,1,1,1,4,4,4,1,1,3,20,15,14,13,42,14.0
305,0,1,18,1,1,1,2,4,3,0,3,2,1,2,1,0,1,1,1,1,1,1,0,4,4,3,1,1,3,8,14,12,12,38,12.666666666666666
306,0,0,20,1,1,0,3,2,3,2,0,2,1,1,0,0,0,0,1,1,1,0,0,5,5,3,1,1,5,0,17,18,18,53,17.666666666666668
307,0,0,19,1,1,1,4,4,4,3,3,2,2,1,1,0,1,1,0,1,1,1,1,4,3,4,1,1,4,38,8,9,8,25,8.333333333333334
308,0,0,19,0,1,1,3,3,2,3,3,1,1,2,1,0,0,0,1,1,1,0,1,4,5,3,1,2,5,0,15,12,12,39,13.0
309,0,1,19,1,0,1,1,1,0,2,3,2,1,2,1,1,1,0,1,0,1,1,0,4,4,3,1,3,3,18,12,10,10,32,10.666666666666666
310,0,1,19,1,0,1,1,2,3,3,2,2,1,2,1,0,0,0,1,0,1,0,1,4,2,4,2,2,3,0,9,9,0,18,6.0
311,0,1,19,1,1,1,2,1,0,2,1,2,3,2,0,0,1,0,0,1,0,1,1,3,4,1,1,1,2,20,14,12,13,39,13.0
312,0,0,19,1,1,1,1,2,2,3,0,2,1,2,1,0,0,0,0,0,1,1,0,4,5,2,2,2,4,3,13,11,11,35,11.666666666666666
313,0,1,19,1,0,1,3,2,3,2,3,2,2,2,1,0,1,1,0,0,1,1,1,4,2,2,1,2,1,22,13,10,11,34,11.333333333333334
314,0,1,19,1,1,1,1,1,0,1,2,2,1,3,2,0,0,0,0,0,1,1,1,4,1,2,1,1,3,14,15,13,13,41,13.666666666666666
315,0,1,19,0,1,1,2,3,2,2,3,2,1,3,1,0,0,0,0,1,1,1,1,4,1,2,1,1,3,40,13,11,11,35,11.666666666666666
316,0,1,18,1,1,1,2,1,3,2,0,0,2,2,0,0,1,1,1,1,1,1,0,5,3,3,1,2,1,0,8,8,0,16,5.333333333333333
317,0,1,18,1,1,1,4,3,2,2,0,0,1,3,0,0,1,1,1,1,1,1,1,4,3,4,1,1,5,9,9,10,9,28,9.333333333333334
318,0,1,17,0,1,1,3,4,0,3,0,1,1,3,0,0,1,1,1,0,1,1,0,4,3,4,2,5,5,0,11,11,10,32,10.666666666666666
319,0,1,18,1,1,1,4,4,4,2,0,0,1,2,0,0,1,1,0,1,1,1,0,4,4,4,3,3,5,2,11,11,11,33,11.0
320,0,1,17,1,1,0,4,3,3,3,0,0,1,2,0,0,1,1,0,1,1,1,1,5,2,2,1,2,5,23,13,13,13,39,13.0
321,0,1,17,1,1,1,2,2,2,2,0,0,1,2,0,0,1,0,0,1,1,0,1,4,2,2,1,1,3,12,11,9,9,29,9.666666666666666
322,0,1,17,0,0,1,2,2,3,3,0,0,1,3,0,0,1,1,1,1,1,1,0,3,3,2,2,2,3,3,11,11,11,33,11.0
323,0,1,17,1,1,1,3,1,3,3,0,1,1,3,0,0,1,0,0,0,1,1,0,3,4,3,2,3,5,1,12,14,15,41,13.666666666666666
324,0,1,17,1,0,1,0,2,0,0,2,1,2,3,0,0,0,0,0,1,1,1,0,3,3,3,2,3,2,0,16,15,15,46,15.333333333333334
325,0,0,18,1,1,1,4,4,2,2,0,0,1,3,0,0,0,0,1,1,1,1,0,4,3,3,2,2,3,3,9,12,11,32,10.666666666666666
326,0,0,17,1,1,1,3,3,2,3,3,0,1,1,0,0,0,0,1,0,1,1,0,4,3,5,3,5,5,3,14,15,16,45,15.0
327,0,0,17,0,1,1,2,2,3,2,0,0,4,1,0,0,1,0,0,1,1,1,0,4,4,5,5,5,4,8,11,10,10,31,10.333333333333334
328,0,1,17,1,1,1,4,4,4,3,0,0,1,3,0,0,1,1,1,1,1,1,0,5,4,4,1,3,4,7,10,9,9,28,9.333333333333334
329,0,1,17,1,1,1,4,4,4,4,0,0,2,3,0,0,1,1,0,0,1,1,1,4,3,3,1,2,4,4,14,14,14,42,14.0
330,0,0,18,1,0,1,2,2,2,2,0,0,1,4,0,0,1,0,1,1,1,1,0,4,5,5,2,4,5,2,9,8,8,25,8.333333333333334
331,0,1,17,0,1,1,2,4,0,2,0,1,1,3,0,0,1,0,0,1,1,1,1,4,4,3,1,1,5,7,12,14,14,40,13.333333333333334
332,0,1,18,1,1,1,3,3,3,3,2,0,1,2,0,0,0,0,1,1,1,1,0,5,3,4,1,1,4,0,7,0,0,7,2.3333333333333335
333,0,1,18,1,0,1,2,2,2,2,2,2,1,2,0,0,0,0,1,0,1,1,1,4,3,3,1,1,2,0,8,8,0,16,5.333333333333333
334,0,1,18,0,1,1,2,2,0,2,0,0,2,4,0,0,0,0,1,1,1,0,0,4,4,4,1,1,4,0,10,9,0,19,6.333333333333333
335,0,1,17,1,1,1,3,4,3,2,0,0,1,3,0,0,0,0,0,1,1,1,0,4,4,5,1,3,5,16,16,15,15,46,15.333333333333334
336,0,1,19,0,1,0,3,1,3,0,2,2,1,3,1,0,0,1,0,1,1,0,0,5,4,3,1,2,5,12,14,13,13,40,13.333333333333334
337,0,1,17,1,1,1,3,2,2,2,2,0,1,2,0,0,1,1,0,1,1,1,1,4,3,2,2,3,2,0,7,8,0,15,5.0
338,0,1,18,1,0,1,3,3,3,3,2,0,1,4,0,0,1,0,0,1,1,1,0,5,3,3,1,1,1,7,16,15,17,48,16.0
339,0,1,17,0,1,0,3,2,2,2,2,0,1,2,0,0,1,1,0,1,1,1,0,4,3,3,2,3,2,4,9,10,10,29,9.666666666666666
340,0,1,19,1,1,1,2,1,3,3,2,2,1,3,1,0,0,1,1,1,1,1,1,4,3,4,1,3,3,4,11,12,11,34,11.333333333333334
341,0,0,18,1,1,1,4,4,4,3,2,1,1,2,1,0,1,0,1,1,1,1,0,4,3,3,2,2,2,0,10,10,0,20,6.666666666666667
342,0,0,18,1,0,1,3,4,3,2,2,0,1,2,0,0,0,0,1,1,1,1,1,4,3,3,1,3,5,11,16,15,15,46,15.333333333333334
343,0,1,17,1,1,0,2,2,0,0,2,1,1,2,1,0,1,0,0,1,1,1,1,3,3,1,1,2,4,0,9,8,0,17,5.666666666666667
344,0,1,18,1,1,1,2,3,0,2,0,0,1,3,0,0,1,0,0,1,1,1,0,4,3,3,1,2,3,4,11,10,10,31,10.333333333333334
345,0,1,18,1,1,1,3,2,2,3,1,0,1,3,0,0,0,0,0,1,1,1,1,5,4,3,2,3,1,7,13,13,14,40,13.333333333333334
346,0,0,18,0,1,1,4,3,4,3,0,0,1,3,0,0,0,0,0,1,1,1,1,5,3,2,1,2,4,9,16,15,16,47,15.666666666666666
347,0,0,18,1,1,1,4,3,4,2,0,0,1,3,0,0,1,1,0,1,1,1,1,5,4,5,2,3,5,0,10,10,9,29,9.666666666666666
348,0,1,17,1,1,1,4,3,1,2,3,0,1,3,0,0,1,1,1,1,1,1,1,4,4,3,1,3,4,0,13,15,15,43,14.333333333333334
349,1,0,18,0,1,1,3,2,2,2,0,0,2,1,1,0,1,0,0,0,1,1,0,2,5,5,5,5,5,10,11,13,13,37,12.333333333333334
350,1,0,19,0,1,1,1,1,2,3,2,2,3,2,3,0,0,0,0,1,1,1,0,5,4,4,3,3,2,8,8,7,8,23,7.666666666666667
351,1,0,17,1,1,1,3,3,1,2,0,0,2,2,0,0,1,1,0,1,1,1,0,4,5,4,2,3,3,2,13,13,13,39,13.0
352,1,0,18,1,0,1,1,3,0,3,0,0,1,1,1,0,0,0,0,1,0,1,1,4,3,3,2,3,3,7,8,7,8,23,7.666666666666667
353,1,0,19,0,1,1,1,1,2,2,2,2,3,1,1,0,1,0,0,1,1,1,0,4,4,4,3,3,5,4,8,8,8,24,8.0
354,1,0,17,0,1,1,4,3,3,2,2,0,2,2,0,0,1,1,1,0,1,1,1,4,5,5,1,3,2,4,13,11,11,35,11.666666666666666
355,1,1,18,1,1,1,3,3,3,3,0,1,1,2,0,0,1,0,0,1,1,0,1,5,3,4,1,1,5,0,10,9,9,28,9.333333333333334
356,1,1,17,0,1,1,4,4,4,3,1,1,2,2,0,0,1,1,1,1,1,1,0,4,3,3,1,2,5,4,12,13,13,38,12.666666666666666
357,1,1,17,1,0,0,3,2,3,2,3,0,2,2,0,0,0,0,0,1,1,0,1,1,2,3,1,2,5,2,12,12,11,35,11.666666666666666
358,1,0,18,1,0,1,1,1,2,3,2,1,2,1,0,0,0,0,0,0,1,1,1,3,3,2,1,2,3,4,10,10,10,30,10.0
359,1,1,18,1,0,1,1,1,0,3,0,1,2,3,0,0,0,0,0,1,1,1,0,5,3,2,1,1,4,0,18,16,16,50,16.666666666666668
360,1,1,18,0,0,0,1,4,0,2,0,0,3,2,0,0,0,0,0,1,1,0,1,4,3,4,1,4,5,0,13,13,13,39,13.0
361,1,0,18,0,0,1,1,1,0,2,1,0,2,2,1,0,0,0,1,0,0,0,0,4,4,3,2,3,5,2,13,12,12,37,12.333333333333334
362,1,1,18,1,1,1,3,3,3,3,1,0,2,2,0,0,1,0,0,1,1,1,1,4,3,2,1,3,3,0,11,11,10,32,10.666666666666666
363,1,1,17,1,0,1,4,4,0,0,0,0,1,2,0,0,1,1,1,1,1,1,1,2,3,4,1,1,1,0,16,15,15,46,15.333333333333334
364,1,1,17,0,1,1,1,2,2,3,0,1,2,2,0,0,0,0,0,0,1,0,0,3,2,2,1,2,3,0,12,11,12,35,11.666666666666666
365,1,0,18,0,1,1,1,3,0,2,0,0,2,2,0,0,1,1,0,1,1,0,0,3,3,4,2,4,3,4,10,10,10,30,10.0
366,1,0,18,1,0,1,4,4,4,3,1,0,2,3,0,0,0,1,0,1,1,1,1,4,2,2,2,2,5,0,13,13,13,39,13.0
367,1,1,17,0,1,1,1,1,2,3,3,0,3,1,1,0,1,1,0,1,1,1,1,5,2,1,1,2,1,0,7,6,0,13,4.333333333333333
368,1,1,18,1,1,1,2,3,0,3,0,1,2,1,0,0,1,1,0,1,1,1,1,5,2,3,1,2,4,0,11,10,10,31,10.333333333333334
369,1,1,18,0,1,1,4,4,2,4,1,1,3,2,0,0,1,1,0,0,1,1,1,3,2,2,4,2,5,10,14,12,11,37,12.333333333333334
370,1,1,19,1,0,1,3,2,3,3,2,2,2,2,2,0,0,0,1,1,1,0,1,3,2,2,1,1,3,4,7,7,9,23,7.666666666666667
371,1,0,18,0,0,1,1,2,0,3,1,1,3,1,0,0,1,1,1,1,0,1,1,4,3,3,2,3,3,3,14,12,12,38,12.666666666666666
372,1,1,17,1,1,1,2,2,2,0,2,0,1,3,0,0,0,0,1,1,1,0,1,3,4,3,1,1,3,8,13,11,11,35,11.666666666666666
373,1,1,17,0,1,1,1,2,2,2,0,0,1,1,0,0,0,0,1,1,1,1,0,3,5,5,1,3,1,14,6,5,5,16,5.333333333333333
374,1,1,18,0,0,1,4,4,2,2,3,0,2,3,0,0,0,0,0,1,1,1,0,5,4,4,1,1,1,0,19,18,19,56,18.666666666666668
375,1,1,18,0,1,1,1,1,2,2,2,0,4,3,0,0,0,0,0,1,1,1,0,4,3,2,1,2,4,2,8,8,10,26,8.666666666666666
376,1,1,20,1,1,1,4,2,1,2,0,2,2,3,2,0,1,1,0,0,1,1,1,5,4,3,1,1,3,4,15,14,15,44,14.666666666666666
377,1,1,18,0,0,1,4,4,4,3,0,0,1,2,0,0,0,1,1,1,1,1,0,5,4,3,3,4,2,4,8,9,10,27,9.0
378,1,1,18,1,1,1,3,3,2,2,2,0,1,2,0,0,0,1,0,1,1,1,1,4,1,3,1,2,1,0,15,15,15,45,15.0
379,1,1,17,0,1,1,3,1,0,2,3,0,1,2,0,0,1,1,1,0,1,1,0,4,5,4,2,3,1,17,10,10,10,30,10.0
380,1,0,18,1,1,1,4,4,4,4,2,1,1,2,0,0,0,1,1,0,1,1,0,3,2,4,1,4,2,4,15,14,14,43,14.333333333333334
381,1,0,18,0,1,1,2,1,2,2,1,0,2,1,0,0,0,0,1,0,1,1,1,4,4,3,1,3,5,5,7,6,7,20,6.666666666666667
382,1,0,17,1,1,1,2,3,2,3,2,1,2,2,0,0,0,0,1,1,1,1,0,4,4,3,1,1,3,2,11,11,10,32,10.666666666666666
383,1,0,19,0,1,1,1,1,2,3,1,0,2,1,1,0,0,0,0,1,1,0,0,4,3,2,1,3,5,0,6,5,0,11,3.6666666666666665
384,1,0,18,0,1,1,4,2,2,2,2,1,2,1,1,0,0,1,0,1,1,0,0,5,4,3,4,3,3,14,6,5,5,16,5.333333333333333
385,1,1,18,0,1,1,2,2,0,2,1,0,2,3,0,0,0,1,0,1,1,0,0,5,3,3,1,3,4,2,10,9,10,29,9.666666666666666
386,1,1,18,0,1,1,4,4,4,0,3,0,3,1,0,0,1,1,1,1,1,1,1,4,4,3,2,2,5,7,6,5,6,17,5.666666666666667
387,1,1,19,0,1,1,2,3,3,2,0,0,1,3,1,0,0,0,1,0,1,1,0,5,4,2,1,2,5,0,7,5,0,12,4.0
388,1,1,18,1,0,1,3,1,4,3,0,0,1,2,0,0,1,1,0,1,1,1,0,4,3,4,1,1,1,0,7,9,8,24,8.0
389,1,1,18,1,1,1,1,1,2,2,0,0,2,2,1,0,0,0,1,1,1,0,0,1,1,1,1,1,5,0,6,5,0,11,3.6666666666666665
390,1,0,20,1,0,0,2,2,3,3,0,2,1,2,2,0,1,1,0,1,1,0,0,5,5,4,4,5,4,11,9,9,9,27,9.0
391,1,0,17,1,0,1,3,1,3,3,0,0,2,1,0,0,0,0,0,0,1,1,0,2,4,5,3,4,2,3,14,16,16,46,15.333333333333334
392,1,0,21,0,1,1,1,1,2,2,0,2,1,1,3,0,0,0,0,0,1,0,0,5,5,3,3,3,3,3,10,8,7,25,8.333333333333334
393,1,0,18,0,0,1,3,2,3,2,0,0,3,1,0,0,0,0,0,0,1,1,0,4,4,1,3,4,5,0,11,12,10,33,11.0
394,1,0,19,1,0,1,1,1,2,0,0,1,1,1,0,0,0,0,0,1,1,1,0,3,2,3,3,3,5,5,8,9,9,26,8.666666666666666
